NUMERO;NOM;TYPE_1;TYPE_2;POINTS_DE_VIE;POINTS_ATTAQUE;POINTS_DEFFENCE;POINTS_ATTAQUE_SPECIALE;POINT_DEFENSE_SPECIALE;POINTS_VITESSE;NOMBRE_GENERATIONS;LEGENDAIRE;index;Nb_Combats_Menes;Nb_Combats_Gagnes;Pourcentage_Victoires
1;Bulbizarre;Herbe;Poison;45;49;49;65;65;45;1;FAUX;0;133;37;27.819548872180448
2;Herbizarre;Herbe;Poison;60;62;63;80;80;60;1;FAUX;1;121;46;38.01652892561984
3;Florizarre;Herbe;Poison;80;82;83;100;100;80;1;FAUX;2;132;89;67.42424242424242
4;Mega Florizarre;Herbe;Poison;80;100;123;122;120;80;1;FAUX;3;125;70;56.00000000000001
5;Salamèche;Feu;;39;52;43;60;50;65;1;FAUX;4;112;55;49.107142857142854
6;Reptincel;Feu;;58;64;58;80;65;80;1;FAUX;5;118;64;54.23728813559322
7;Dracaufeu;Feu;Vol;78;84;78;109;85;100;1;FAUX;6;133;115;86.46616541353383
8;Mega Dracaufeu X;Feu;Dragon;78;130;111;130;85;100;1;FAUX;7;139;119;85.61151079136691
9;Mega Dracaufeu Y;Feu;Vol;78;104;78;159;115;100;1;FAUX;8;135;114;84.44444444444444
10;Carapuce;Eau;;44;48;65;50;64;43;1;FAUX;9;117;19;16.23931623931624
11;Carabaffe;Eau;;59;63;80;65;80;58;1;FAUX;10;141;59;41.843971631205676
12;Tortank;Eau;;79;83;100;85;105;78;1;FAUX;11;0;0;0.0
13;Mega Tortank;Eau;;79;103;120;135;115;78;1;FAUX;12;144;83;57.638888888888886
14;Chenipan;Insecte;;45;30;35;20;20;45;1;FAUX;13;115;17;14.782608695652174
15;Chrysacier;Insecte;;50;20;55;25;25;30;1;FAUX;14;133;13;9.774436090225564
16;Papilusion;Insecte;Vol;60;45;50;90;80;70;1;FAUX;15;120;75;62.5
17;Aspicot;Insecte;Poison;40;35;30;20;20;50;1;FAUX;16;111;26;23.423423423423422
18;Coconfort;Insecte;Poison;45;25;50;25;25;35;1;FAUX;17;130;17;13.076923076923078
19;Dardargnan;Insecte;Poison;65;90;40;45;80;75;1;FAUX;18;128;80;62.5
20;Mega Dardagnan;Insecte;Poison;65;150;40;15;80;145;1;FAUX;19;119;115;96.63865546218487
21;Roucool;Normal;Vol;40;45;40;35;35;56;1;FAUX;20;126;47;37.301587301587304
22;Roucoups;Normal;Vol;63;60;55;50;50;71;1;FAUX;21;121;64;52.892561983471076
23;Roucarnage;Normal;Vol;83;80;75;70;70;101;1;FAUX;22;130;112;86.15384615384616
24;Mega Roucarnage;Normal;Vol;83;80;80;135;80;121;1;FAUX;23;126;119;94.44444444444444
25;Rattata;Normal;;30;56;35;25;35;72;1;FAUX;24;135;65;48.148148148148145
26;Rattatac;Normal;;55;81;60;50;70;97;1;FAUX;25;140;101;72.14285714285714
27;Piafabec;Normal;Vol;40;60;30;31;31;70;1;FAUX;26;138;62;44.927536231884055
28;Rapasdepic;Normal;Vol;65;90;65;61;61;100;1;FAUX;27;123;103;83.73983739837398
29;Abo;Poison;;35;60;44;40;54;55;1;FAUX;28;131;48;36.6412213740458
30;Arbok;Poison;;60;85;69;65;79;80;1;FAUX;29;125;72;57.599999999999994
31;Pikachu;Electrique;;35;55;40;50;50;90;1;FAUX;30;136;93;68.38235294117648
32;Raichu;Electrique;;60;90;55;90;80;110;1;FAUX;31;121;105;86.77685950413223
33;Sabelette;Sol;;50;75;85;20;30;40;1;FAUX;32;0;0;0.0
34;Sablaireau;Sol;;75;100;110;45;55;65;1;FAUX;33;105;56;53.333333333333336
35;Nidoran male;Poison;;55;47;52;40;40;41;1;FAUX;34;119;20;16.80672268907563
36;Nidorina;Poison;;70;62;67;55;55;56;1;FAUX;35;148;57;38.513513513513516
37;Nidoqueen;Poison;Sol;90;92;87;75;85;76;1;FAUX;36;122;66;54.09836065573771
38;Nidoran femelle;Poison;;46;57;40;40;40;50;1;FAUX;37;136;34;25.0
39;Nidorino;Poison;;61;72;57;55;55;65;1;FAUX;38;128;51;39.84375
40;Nidoking;Poison;Sol;81;102;77;85;75;85;1;FAUX;39;140;79;56.42857142857143
41;Mélofée;Fée;;70;45;48;60;65;35;1;FAUX;40;127;20;15.748031496062993
42;Mélodelfe;Fée;;95;70;73;95;90;60;1;FAUX;41;123;49;39.83739837398374
43;Goupix;Feu;;38;41;40;50;65;65;1;FAUX;42;129;53;41.08527131782946
44;Feunard;Feu;;73;76;75;81;100;100;1;FAUX;43;127;103;81.10236220472441
45;Rondoudou;Normal;Fée;115;45;20;45;25;20;1;FAUX;44;130;15;11.538461538461538
46;Grodoudou;Normal;Fée;140;70;45;85;50;45;1;FAUX;45;0;0;0.0
47;Nosferapti;Poison;Vol;40;45;35;30;40;55;1;FAUX;46;145;55;37.93103448275862
48;Nosferalto;Poison;Vol;75;80;70;65;75;90;1;FAUX;47;128;97;75.78125
49;Mystherbe;Herbe;Poison;45;50;55;75;65;30;1;FAUX;48;143;9;6.293706293706294
50;Ortide;Herbe;Poison;60;65;70;85;75;40;1;FAUX;49;129;28;21.705426356589147
51;Rafflesia;Herbe;Poison;75;80;85;110;90;50;1;FAUX;50;124;44;35.483870967741936
52;Paras;Insecte;Herbe;35;70;55;45;55;25;1;FAUX;51;138;13;9.420289855072465
53;Parasect;Insecte;Herbe;60;95;80;60;80;30;1;FAUX;52;154;30;19.480519480519483
54;Mimitoss;Insecte;Poison;60;55;50;40;55;45;1;FAUX;53;143;32;22.377622377622377
55;Aéromite;Insecte;Poison;70;65;60;90;75;90;1;FAUX;54;140;92;65.71428571428571
56;Taupiqueur;Sol;;10;55;25;35;45;95;1;FAUX;55;126;68;53.96825396825397
57;Triopikeur;Sol;;35;80;50;50;70;120;1;FAUX;56;128;108;84.375
58;Miaouss;Normal;;40;45;35;40;40;90;1;FAUX;57;140;91;65.0
59;Persian;Normal;;65;70;60;65;65;115;1;FAUX;58;120;103;85.83333333333333
60;Psykokwak;Eau;;50;52;48;65;50;55;1;FAUX;59;142;47;33.098591549295776
61;Akwakwak;Eau;;80;82;78;95;80;85;1;FAUX;60;115;79;68.69565217391305
62;Férosinge;Combat;;40;80;35;35;45;70;1;FAUX;61;118;55;46.61016949152542
63;;Combat;;65;105;60;60;70;95;1;FAUX;62;108;85;78.70370370370371
64;Caninos;Feu;;55;70;45;70;50;60;1;FAUX;63;120;54;45.0
65;Arcanin;Feu;;90;110;80;100;80;95;1;FAUX;64;114;91;79.82456140350878
66;Ptitard;Eau;;40;50;40;40;40;90;1;FAUX;65;0;0;0.0
67;Têtarte;Eau;;65;65;65;50;50;90;1;FAUX;66;125;90;72.0
68;Tartard;Eau;Combat;90;95;95;70;90;70;1;FAUX;67;130;68;52.307692307692314
69;Abra;Psy;;25;20;15;105;55;90;1;FAUX;68;108;35;32.407407407407405
70;Kadabra;Psy;;40;35;30;120;70;105;1;FAUX;69;130;87;66.92307692307692
71;Alakazam;Psy;;55;50;45;135;95;120;1;FAUX;70;140;108;77.14285714285715
72;Mega Alakazam;Psy;;55;50;65;175;95;150;1;FAUX;71;110;86;78.18181818181819
73;Machoc;Combat;;70;80;50;35;35;35;1;FAUX;72;150;21;14.000000000000002
74;Machopeur;Combat;;80;100;70;50;60;45;1;FAUX;73;124;32;25.806451612903224
75;Mackogneur;Combat;;90;130;80;65;85;55;1;FAUX;74;116;51;43.96551724137931
76;Chétiflor;Herbe;Poison;50;75;35;70;30;40;1;FAUX;75;108;23;21.296296296296298
77;Boustiflor;Herbe;Poison;65;90;50;85;45;55;1;FAUX;76;121;45;37.1900826446281
78;Empiflor;Herbe;Poison;80;105;65;100;70;70;1;FAUX;77;0;0;0.0
79;Tentacool;Eau;Poison;40;40;35;50;100;70;1;FAUX;78;157;79;50.318471337579616
80;Tentacruel;Eau;Poison;80;70;65;80;120;100;1;FAUX;79;117;94;80.34188034188034
81;Racaillou;Roche;Sol;40;80;100;30;30;20;1;FAUX;80;135;16;11.851851851851853
82;Gravalanch;Roche;Sol;55;95;115;45;45;35;1;FAUX;81;137;29;21.16788321167883
83;Grolem;Roche;Sol;80;120;130;55;65;45;1;FAUX;82;135;50;37.03703703703704
84;Ponyta;Feu;;50;85;55;65;65;90;1;FAUX;83;115;86;74.78260869565217
85;Galopa;Feu;;65;100;70;80;80;105;1;FAUX;84;105;91;86.66666666666667
86;Ramoloss;Eau;Psy;90;65;65;40;40;15;1;FAUX;85;122;24;19.672131147540984
87;Flagadoss;Eau;Psy;95;75;110;100;80;30;1;FAUX;86;131;20;15.267175572519085
88;Mega Flagadoss;Eau;Psy;95;75;180;130;80;30;1;FAUX;87;116;16;13.793103448275861
89;Magnéti;Electrique;Acier;25;35;70;95;55;45;1;FAUX;88;143;24;16.783216783216783
90;Magnéton;Electrique;Acier;50;60;95;120;70;70;1;FAUX;89;0;0;0.0
91;Canarticho;Normal;Vol;52;65;55;58;62;60;1;FAUX;90;116;52;44.827586206896555
92;Doduo;Normal;Vol;35;85;45;35;35;75;1;FAUX;91;134;87;64.92537313432835
93;Dodrio;Normal;Vol;60;110;70;60;60;100;1;FAUX;92;143;121;84.61538461538461
94;Otaria;Eau;;65;45;55;45;70;45;1;FAUX;93;119;29;24.369747899159663
95;Lamantine;Eau;Glace;90;70;80;70;95;70;1;FAUX;94;131;68;51.908396946564885
96;Tadmorv;Poison;;80;80;50;40;50;25;1;FAUX;95;142;25;17.6056338028169
97;Grotadmorv;Poison;;105;105;75;65;100;50;1;FAUX;96;133;50;37.59398496240601
98;Kokiyas;Eau;;30;65;100;45;25;40;1;FAUX;97;111;21;18.91891891891892
99;Crustabri;Eau;Glace;50;95;180;85;45;70;1;FAUX;98;134;71;52.98507462686567
100;Fantominus;Spectre;Poison;30;35;30;100;35;80;1;FAUX;99;128;61;47.65625
101;Spectrum;Spectre;Poison;45;50;45;115;55;95;1;FAUX;100;111;77;69.36936936936937
102;Ectoplasma;Spectre;Poison;60;65;60;130;75;110;1;FAUX;101;114;88;77.19298245614034
103;Mega Ectoplasma;Spectre;Poison;60;65;80;170;95;130;1;FAUX;102;131;113;86.25954198473282
104;Onix;Roche;Sol;35;45;160;30;45;70;1;FAUX;103;135;65;48.148148148148145
105;Soporifik;Psy;;60;48;45;43;90;42;1;FAUX;104;137;30;21.897810218978105
106;Hypnomade;Psy;;85;73;70;73;115;67;1;FAUX;105;119;61;51.26050420168067
107;Krabby;Eau;;30;105;90;25;25;50;1;FAUX;106;137;38;27.73722627737226
108;Krabboss;Eau;;55;130;115;50;50;75;1;FAUX;107;112;67;59.82142857142857
109;Voltorbe;Electrique;;40;30;50;55;55;100;1;FAUX;108;113;66;58.4070796460177
110;Électrode;Electrique;;60;50;70;80;80;140;1;FAUX;109;129;109;84.49612403100775
111;Noeunoeuf;Herbe;Psy;60;40;80;60;45;40;1;FAUX;110;136;32;23.52941176470588
112;Noadkoko;Herbe;Psy;95;95;85;125;65;55;1;FAUX;111;95;37;38.94736842105263
113;Osselait;Sol;;50;50;95;40;50;35;1;FAUX;112;143;29;20.27972027972028
114;Ossatueur;Sol;;60;80;110;50;80;45;1;FAUX;113;120;34;28.333333333333332
115;Kicklee;Combat;;50;120;53;35;110;87;1;FAUX;114;128;82;64.0625
116;Tygnon;Combat;;50;105;79;35;110;76;1;FAUX;115;140;87;62.142857142857146
117;Excelangue;Normal;;90;55;75;60;75;30;1;FAUX;116;136;19;13.970588235294118
118;Smogo;Poison;;40;65;95;60;45;35;1;FAUX;117;143;20;13.986013986013987
119;Smogogo;Poison;;65;90;120;85;70;60;1;FAUX;118;129;56;43.41085271317829
120;Rhinocorne;Sol;Roche;80;85;95;30;30;25;1;FAUX;119;119;34;28.57142857142857
121;Rhinoféros;Sol;Roche;105;130;120;45;45;40;1;FAUX;120;108;48;44.44444444444444
122;Leveinard;Normal;;250;5;5;35;105;50;1;FAUX;121;98;15;15.306122448979592
123;Saquedeneu;Herbe;;65;55;115;100;40;60;1;FAUX;122;129;49;37.98449612403101
124;Kangourex;Normal;;105;95;80;40;80;90;1;FAUX;123;126;95;75.39682539682539
125;Mega Kangourex;Normal;;105;125;100;60;100;100;1;FAUX;124;128;107;83.59375
126;Hypotrempe;Eau;;30;40;70;70;25;60;1;FAUX;125;133;55;41.35338345864661
127;Hypocéan;Eau;;55;65;95;95;45;85;1;FAUX;126;118;78;66.10169491525424
128;Poissirène;Eau;;45;67;60;35;50;63;1;FAUX;127;117;60;51.28205128205128
129;Poissoroy;Eau;;80;92;65;65;80;68;1;FAUX;128;114;55;48.24561403508772
130;Stari;Eau;;30;45;55;70;55;85;1;FAUX;129;142;80;56.33802816901409
131;Staross;Eau;Psy;60;75;85;100;85;115;1;FAUX;130;129;116;89.92248062015504
132;M. Mime;Psy;Fée;40;45;65;100;120;90;1;FAUX;131;136;76;55.88235294117647
133;Insécateur;Insecte;Vol;70;110;80;55;80;105;1;FAUX;132;141;124;87.94326241134752
134;Lippoutou;Glace;Psy;65;50;35;115;95;95;1;FAUX;133;135;99;73.33333333333333
135;Élektek;Electrique;;65;83;57;95;85;105;1;FAUX;134;129;115;89.14728682170544
136;Magmar;Feu;;65;95;57;100;85;93;1;FAUX;135;129;96;74.4186046511628
137;Scarabrute;Insecte;;65;125;100;55;70;85;1;FAUX;136;124;81;65.32258064516128
138;Mega Scarabrute;Insecte;Vol;65;155;120;65;90;105;1;FAUX;137;121;105;86.77685950413223
139;Tauros;Normal;;75;100;95;40;70;110;1;FAUX;138;117;102;87.17948717948718
140;Magicarpe;Eau;;20;10;55;15;20;80;1;FAUX;139;139;25;17.985611510791365
141;Léviator;Eau;Vol;95;125;79;60;100;81;1;FAUX;140;133;82;61.65413533834586
142;Mega Léviator;Eau;Obscur;95;155;109;70;130;81;1;FAUX;141;137;93;67.88321167883211
143;Lokhlass;Eau;Glace;130;85;80;85;95;60;1;FAUX;142;139;61;43.884892086330936
144;Métamorph;Normal;;48;48;48;48;48;48;1;FAUX;143;0;0;0.0
145;Évoli;Normal;;55;55;50;45;65;55;1;FAUX;144;99;37;37.37373737373738
146;Aquali;Eau;;130;65;60;110;95;65;1;FAUX;145;132;69;52.27272727272727
147;Voltali;Electrique;;65;65;60;110;95;130;1;FAUX;146;134;124;92.53731343283582
148;Pyroli;Feu;;65;130;60;95;110;65;1;FAUX;147;132;70;53.03030303030303
149;Porygon;Normal;;65;60;70;85;75;40;1;FAUX;148;128;23;17.96875
150;Amonita;Roche;Eau;35;40;100;90;55;35;1;FAUX;149;128;23;17.96875
151;Amonistar;Roche;Eau;70;60;125;115;70;55;1;FAUX;150;138;49;35.507246376811594
152;Kabuto;Roche;Eau;30;80;90;55;45;55;1;FAUX;151;142;61;42.95774647887324
153;Kabutops;Roche;Eau;60;115;105;65;70;80;1;FAUX;152;110;79;71.81818181818181
154;Ptéra;Roche;Vol;80;105;65;60;75;130;1;FAUX;153;141;136;96.45390070921985
155;Mega Ptéra;Roche;Vol;80;135;85;70;95;150;1;FAUX;154;129;127;98.44961240310077
156;Ronflex;Normal;;160;110;65;65;110;30;1;FAUX;155;112;40;35.714285714285715
157;Artikodin;Glace;Vol;90;85;100;95;125;85;1;VRAI;156;139;95;68.34532374100719
158;Électhor;Electrique;Vol;90;90;85;125;90;100;1;VRAI;157;121;93;76.85950413223141
159;Sulfura;Feu;Vol;90;100;90;125;85;90;1;VRAI;158;136;100;73.52941176470588
160;Minidraco;Dragon;;41;64;45;50;50;50;1;FAUX;159;117;43;36.75213675213676
161;Draco;Dragon;;61;84;65;70;70;70;1;FAUX;160;116;58;50.0
162;Dracolosse;Dragon;Vol;91;134;95;100;100;80;1;FAUX;161;138;87;63.04347826086957
163;Mewtwo;Psy;;106;110;90;154;90;130;1;VRAI;162;164;152;92.6829268292683
164;Mega Mewtwo X;Psy;Combat;106;190;100;154;100;130;1;VRAI;163;135;125;92.5925925925926
165;Mega Mewtwo Y;Psy;;106;150;70;194;120;140;1;VRAI;164;125;119;95.19999999999999
166;Mew;Psy;;100;100;100;100;100;100;1;FAUX;165;113;94;83.1858407079646
167;Germignon;Herbe;;45;49;65;49;65;45;2;FAUX;166;120;33;27.500000000000004
168;Macronium;Herbe;;60;62;80;63;80;60;2;FAUX;167;113;49;43.36283185840708
169;Méganium;Herbe;;80;82;100;83;100;80;2;FAUX;168;129;88;68.21705426356588
170;Héricendre;Feu;;39;52;43;60;50;65;2;FAUX;169;121;61;50.413223140495866
171;Feurisson;Feu;;58;64;58;80;65;80;2;FAUX;170;151;92;60.9271523178808
172;Typhlosion;Feu;;78;84;78;109;85;100;2;FAUX;171;116;100;86.20689655172413
173;Kaiminus;Eau;;50;65;64;44;48;43;2;FAUX;172;132;29;21.96969696969697
174;Crocrodil;Eau;;65;80;80;59;63;58;2;FAUX;173;136;60;44.11764705882353
175;Aligatueur;Eau;;85;105;100;79;83;78;2;FAUX;174;138;81;58.69565217391305
176;Fouinette;Normal;;35;46;34;35;45;20;2;FAUX;175;125;9;7.199999999999999
177;Fouinar;Normal;;85;76;64;45;55;90;2;FAUX;176;138;93;67.3913043478261
178;Hoothoot;Normal;Vol;60;30;30;36;56;50;2;FAUX;177;111;36;32.432432432432435
179;Noarfang;Normal;Vol;100;50;50;76;96;70;2;FAUX;178;136;68;50.0
180;Coxy;Insecte;Vol;40;20;30;40;80;55;2;FAUX;179;123;28;22.76422764227642
181;Coxyclaque;Insecte;Vol;55;35;50;55;110;85;2;FAUX;180;137;86;62.77372262773723
182;Mimigal;Insecte;Poison;40;60;40;40;40;30;2;FAUX;181;137;13;9.48905109489051
183;Migalos;Insecte;Poison;70;90;70;60;60;40;2;FAUX;182;0;0;0.0
184;Nostenfer;Poison;Vol;85;90;80;70;80;130;2;FAUX;183;122;113;92.62295081967213
185;Loupio;Eau;Electrique;75;38;38;56;56;67;2;FAUX;184;114;60;52.63157894736842
186;Lanturn;Eau;Electrique;125;58;58;76;76;67;2;FAUX;185;128;66;51.5625
187;Pichu;Electrique;;20;40;15;35;35;60;2;FAUX;186;105;36;34.285714285714285
188;Mélo;Fée;;50;25;28;45;55;15;2;FAUX;187;112;7;6.25
189;Toudoudou;Normal;Fée;90;30;15;40;20;15;2;FAUX;188;115;5;4.3478260869565215
190;Togepi;Fée;;35;20;65;40;65;20;2;FAUX;189;122;3;2.459016393442623
191;Togetic;Fée;Vol;55;40;85;80;105;40;2;FAUX;190;127;30;23.62204724409449
192;Natu;Psy;Vol;40;50;45;70;45;70;2;FAUX;191;116;64;55.172413793103445
193;Xatu;Psy;Vol;65;75;70;95;70;95;2;FAUX;192;121;88;72.72727272727273
194;Wattouat;Electrique;;55;40;40;65;45;35;2;FAUX;193;140;23;16.428571428571427
195;Lainergie;Electrique;;70;55;55;80;60;45;2;FAUX;194;108;24;22.22222222222222
196;Pharamp;Electrique;;90;75;85;115;90;55;2;FAUX;195;119;41;34.45378151260504
197;Mega Pharamp;Electrique;Dragon;90;95;105;165;110;45;2;FAUX;196;128;37;28.90625
198;Joliflor;Herbe;;75;80;95;90;100;50;2;FAUX;197;139;30;21.58273381294964
199;Marill;Eau;Fée;70;20;50;20;50;40;2;FAUX;198;122;19;15.573770491803279
200;Azumarill;E;Fée;100;50;80;60;80;50;2;FAUX;199;128;44;34.375
201;Simularbre;Roche;;70;100;115;30;65;30;2;FAUX;200;123;30;24.390243902439025
202;Tarpaud;Eau;;90;75;75;90;100;70;2;FAUX;201;119;65;54.621848739495796
203;Granivol;Herbe;Vol;35;35;40;35;55;50;2;FAUX;202;119;48;40.33613445378151
204;Floravol;Herbe;Vol;55;45;50;45;65;80;2;FAUX;203;119;66;55.46218487394958
205;Cotovol;Herbe;Vol;75;55;70;55;95;110;2;FAUX;204;135;114;84.44444444444444
206;Capumain;Normal;;55;70;55;40;55;85;2;FAUX;205;123;87;70.73170731707317
207;Tournegrin;Herbe;;30;30;30;30;30;30;2;FAUX;206;111;14;12.612612612612612
208;Héliatronc;Herbe;;75;75;55;105;85;30;2;FAUX;207;142;23;16.19718309859155
209;Yanma;Insecte;Vol;65;65;45;75;45;95;2;FAUX;208;125;90;72.0
210;Axoloto;Eau;Sol;55;45;45;25;25;15;2;FAUX;209;125;6;4.8
211;Maraiste;Eau;Sol;95;85;85;65;65;35;2;FAUX;210;140;36;25.71428571428571
212;Mentali;Psy;;65;65;60;130;95;110;2;FAUX;211;142;117;82.3943661971831
213;Noctali;Obscur;;95;65;110;60;130;65;2;FAUX;212;127;67;52.75590551181102
214;Cornèbre;Obscur;Vol;60;85;42;85;42;91;2;FAUX;213;158;130;82.27848101265823
215;Roigada;Eau;Psy;95;75;80;100;110;30;2;FAUX;214;132;32;24.242424242424242
216;Feuforêve;Spectre;;60;60;60;85;85;85;2;FAUX;215;133;84;63.1578947368421
217;Zarbi;Psy;;48;72;48;72;48;48;2;FAUX;216;127;33;25.984251968503933
218;Qulbutoké;Psy;;190;33;58;33;58;33;2;FAUX;217;134;18;13.432835820895523
219;Girafarig;Normal;Psy;70;80;65;90;65;85;2;FAUX;218;128;74;57.8125
220;Pomdepik;Insecte;;50;65;90;35;35;15;2;FAUX;219;109;16;14.678899082568808
221;Foretress;Insecte;Acier;75;90;140;60;60;40;2;FAUX;220;123;37;30.081300813008134
222;Insolourdo;Normal;;100;70;70;65;65;45;2;FAUX;221;137;26;18.97810218978102
223;Scorplane;Sol;Vol;65;75;105;35;65;85;2;FAUX;222;134;93;69.40298507462687
224;Steelix;Acier;Sol;75;85;200;55;65;30;2;FAUX;223;149;25;16.778523489932887
225;Mega Steelix;Acier;Sol;75;125;230;55;95;30;2;FAUX;224;145;50;34.48275862068966
226;Snubbull;Fée;;60;80;50;40;40;30;2;FAUX;225;137;21;15.328467153284672
227;Granbull;Fée;;90;120;75;60;60;45;2;FAUX;226;119;35;29.411764705882355
228;Qwilfish;Eau;Poison;65;95;75;55;55;85;2;FAUX;227;150;104;69.33333333333334
229;Cizayox;Insecte;Acier;70;130;100;55;80;65;2;FAUX;228;125;76;60.8
230;Mega Cizayox;Insecte;Acier;70;150;140;65;100;75;2;FAUX;229;140;77;55.00000000000001
231;Caratroc;Insecte;Roche;20;10;230;10;230;5;2;FAUX;230;135;0;0.0
232;Scarhino;Insecte;Combat;80;125;75;40;95;85;2;FAUX;231;136;94;69.11764705882352
233;Mega Scarhino;Insecte;Combat;80;185;115;40;105;75;2;FAUX;232;130;81;62.30769230769231
234;Farfuret;Obscur;Glace;55;95;55;35;75;115;2;FAUX;233;113;106;93.80530973451327
235;Teddiursa;Normal;;60;80;50;50;50;40;2;FAUX;234;109;26;23.853211009174313
236;Ursaring;Normal;;90;130;75;75;75;55;2;FAUX;235;0;0;0.0
237;Limagma;Feu;;40;40;40;70;40;20;2;FAUX;236;123;4;3.2520325203252036
238;Volcaropod;Feu;Roche;50;50;120;80;80;30;2;FAUX;237;124;9;7.258064516129033
239;Marcacrin;Glace;Sol;50;50;40;30;30;50;2;FAUX;238;133;37;27.819548872180448
240;Cochignon;Glace;Sol;100;100;80;60;60;50;2;FAUX;239;118;36;30.508474576271187
241;Corayon;Eau;Roche;55;55;85;65;85;35;2;FAUX;240;139;28;20.14388489208633
242;Rémoraid;Eau;;35;65;35;65;35;65;2;FAUX;241;148;69;46.62162162162162
243;Octillery;Eau;;75;105;75;105;75;45;2;FAUX;242;113;37;32.743362831858406
244;Cadoizo;Glace;Vol;45;55;45;65;45;75;2;FAUX;243;130;74;56.92307692307692
245;Démanta;Eau;Vol;65;40;70;80;140;70;2;FAUX;244;131;78;59.541984732824424
246;Airmure;Acier;Vol;65;80;140;40;70;70;2;FAUX;245;134;70;52.23880597014925
247;Malosse;Obscur;Feu;45;60;30;80;50;65;2;FAUX;246;126;58;46.03174603174603
248;Démolosse;Obscur;Feu;75;90;50;110;80;95;2;FAUX;247;139;111;79.85611510791367
249;Mega Démolosse;Obscur;Feu;75;90;90;140;90;115;2;FAUX;248;135;128;94.81481481481482
250;Hyporoi;Eau;Dragon;75;95;95;95;95;85;2;FAUX;249;136;88;64.70588235294117
251;Phanpy;Sol;;90;60;60;40;40;40;2;FAUX;250;132;39;29.545454545454547
252;Donphan;Sol;;90;120;120;60;60;50;2;FAUX;251;136;48;35.294117647058826
253;Porygon2;Normal;;85;80;90;105;95;60;2;FAUX;252;108;53;49.074074074074076
254;Cerfrousse;Normal;;73;95;62;85;65;85;2;FAUX;253;135;90;66.66666666666666
255;Queulorior;Normal;;55;20;35;20;45;75;2;FAUX;254;138;52;37.68115942028986
256;Debugant;Combat;;35;35;35;35;35;35;2;FAUX;255;127;17;13.385826771653544
257;Kapoera;Combat;;50;95;95;35;110;70;2;FAUX;256;139;72;51.798561151079134
258;Lippouti;Glace;Psy;45;30;15;85;65;65;2;FAUX;257;127;46;36.22047244094488
259;Élekid;Electrique;;45;63;37;65;55;95;2;FAUX;258;144;116;80.55555555555556
260;Magby;Feu;;45;75;37;70;55;83;2;FAUX;259;131;81;61.832061068702295
261;Écrémeuh;Normal;;95;80;105;40;70;100;2;FAUX;260;128;103;80.46875
262;Leuphorie;Normal;;255;10;10;75;135;55;2;FAUX;261;128;40;31.25
263;Raikou;Electrique;;90;85;75;115;100;115;2;VRAI;262;97;91;93.81443298969072
264;Entei;Feu;;115;115;85;90;75;100;2;VRAI;263;134;109;81.34328358208955
265;Suicune;Eau;;100;75;115;90;115;85;2;VRAI;264;121;78;64.46280991735537
266;Embrylex;Roche;Sol;50;64;50;45;50;41;2;FAUX;265;110;25;22.727272727272727
267;Ymphect;Roche;Sol;70;84;70;65;70;51;2;FAUX;266;139;41;29.496402877697843
268;Tyranocif;Roche;Obscur;100;134;110;95;100;61;2;FAUX;267;138;56;40.57971014492754
269;Mega Tyranocif;Roche;Obscur;100;164;150;95;120;71;2;FAUX;268;124;70;56.451612903225815
270;Lugia;Psy;Vol;106;90;130;90;154;110;2;VRAI;269;123;107;86.99186991869918
271;Ho-Oh;Feu;Vol;106;130;90;110;154;90;2;VRAI;270;107;77;71.96261682242991
272;Celebi;Psy;Herbe;100;100;100;100;100;100;2;FAUX;271;133;111;83.45864661654136
273;Arcko;Herbe;;40;45;35;65;55;70;3;FAUX;272;116;52;44.827586206896555
274;Massko;Herbe;;50;65;45;85;65;95;3;FAUX;273;105;76;72.38095238095238
275;Jungko;Herbe;;70;85;65;105;85;120;3;FAUX;274;122;113;92.62295081967213
276;Mega Jungko;Herbe;Dragon;70;110;75;145;85;145;3;FAUX;275;126;119;94.44444444444444
277;Poussifeu;Feu;;45;60;40;70;50;45;3;FAUX;276;137;39;28.467153284671532
278;Galifeu;Feu;Combat;60;85;60;85;60;55;3;FAUX;277;147;54;36.734693877551024
279;Braségali;Feu;Combat;80;120;70;110;70;80;3;FAUX;278;123;79;64.22764227642277
280;Mega Braségali;Feu;Combat;80;160;80;130;80;100;3;FAUX;279;123;104;84.5528455284553
281;Gobou;Eau;;50;70;50;50;50;40;3;FAUX;280;135;22;16.296296296296298
282;Flobio;Eau;Sol;70;85;70;60;70;50;3;FAUX;281;148;42;28.37837837837838
283;Laggron;Eau;Sol;100;110;90;85;90;60;3;FAUX;282;136;65;47.794117647058826
284;Mega Laggron;Eau;Sol;100;150;110;95;110;70;3;FAUX;283;130;77;59.23076923076923
285;Medhyèna;Obscur;;35;55;35;30;30;35;3;FAUX;284;114;27;23.684210526315788
286;Grahyèna;Obscur;;70;90;70;60;60;70;3;FAUX;285;133;85;63.90977443609023
287;Zigzaton;Normal;;38;30;41;30;41;60;3;FAUX;286;107;31;28.971962616822427
288;Linéon;Normal;;78;70;61;50;61;100;3;FAUX;287;124;101;81.45161290322581
289;Chenipotte;Insecte;;45;45;35;20;30;20;3;FAUX;288;138;10;7.246376811594203
290;Armulys;Insecte;;50;35;55;25;25;15;3;FAUX;289;138;3;2.1739130434782608
291;Charmillon;Insecte;Vol;60;70;50;100;50;65;3;FAUX;290;138;72;52.17391304347826
292;Blindalys;Insecte;;50;35;55;25;25;15;3;FAUX;291;133;7;5.263157894736842
293;Papinox;Insecte;Poison;60;50;70;50;90;65;3;FAUX;292;139;55;39.568345323741006
294;Nénupiot;Eau;Herbe;40;30;30;40;50;30;3;FAUX;293;126;10;7.936507936507936
295;Lombre;Eau;Herbe;60;50;50;60;70;50;3;FAUX;294;127;36;28.346456692913385
296;Ludicolo;Eau;Herbe;80;70;70;90;100;70;3;FAUX;295;123;69;56.09756097560976
297;Grainipiot;Herbe;;40;40;50;30;30;30;3;FAUX;296;126;11;8.73015873015873
298;Pifeuil;Herbe;Obscur;70;70;40;60;40;60;3;FAUX;297;113;48;42.47787610619469
299;Tengalice;Herbe;Obscur;90;100;60;90;60;80;3;FAUX;298;123;79;64.22764227642277
300;Nirondelle;Normal;Vol;40;55;30;30;30;85;3;FAUX;299;125;86;68.8
301;Hélédelle;Normal;Vol;60;85;60;50;50;125;3;FAUX;300;121;110;90.9090909090909
302;Goélise;Eau;Vol;40;30;30;55;30;85;3;FAUX;301;120;56;46.666666666666664
303;Bekipan;Eau;Vol;60;50;100;85;70;65;3;FAUX;302;124;59;47.58064516129033
304;Tarsal;Psy;Fée;28;25;25;45;35;40;3;FAUX;303;143;23;16.083916083916083
305;Kirlia;Psy;Fée;38;35;35;65;55;50;3;FAUX;304;136;36;26.47058823529412
306;Gardevoir;Psy;Fée;68;65;65;125;115;80;3;FAUX;305;130;84;64.61538461538461
307;Mega Gardevoir;Psy;Fée;68;85;65;165;135;100;3;FAUX;306;120;97;80.83333333333333
308;Arakdo;Insecte;Eau;40;30;32;50;52;65;3;FAUX;307;128;47;36.71875
309;Maskadra;Insecte;Vol;70;60;62;80;82;60;3;FAUX;308;144;63;43.75
310;Balignon;Herbe;;60;40;60;40;60;35;3;FAUX;309;144;26;18.055555555555554
311;Chapignon;Herbe;Combat;60;130;80;60;60;70;3;FAUX;310;130;67;51.53846153846153
312;Parecool;Normal;;60;60;60;35;35;30;3;FAUX;311;134;15;11.194029850746269
313;Vigoroth;Normal;;80;80;80;55;55;90;3;FAUX;312;134;86;64.17910447761194
314;Monaflèmit;Normal;;150;160;100;95;65;100;3;FAUX;313;150;133;88.66666666666667
315;Ningale;Insecte;Sol;31;45;90;30;30;40;3;FAUX;314;114;25;21.929824561403507
316;Ninjask;Insecte;Vol;61;90;45;50;50;160;3;FAUX;315;117;108;92.3076923076923
317;Munja;Insecte;Spectre;1;90;45;30;30;40;3;FAUX;316;124;41;33.064516129032256
318;Chuchmur;Normal;;64;51;23;51;23;28;3;FAUX;317;132;15;11.363636363636363
319;Ramboum;Normal;;84;71;43;71;43;48;3;FAUX;318;143;37;25.874125874125873
320;Brouhabam;Normal;;104;91;63;91;73;68;3;FAUX;319;127;65;51.181102362204726
321;Makuhita;Combat;;72;60;30;20;30;25;3;FAUX;320;121;14;11.570247933884298
322;Hariyama;Combat;;144;120;60;40;60;50;3;FAUX;321;0;0;0.0
323;Azurill;Normal;Fée;50;20;40;20;40;20;3;FAUX;322;135;13;9.62962962962963
324;Tarinor;Roche;;30;45;135;45;90;30;3;FAUX;323;140;13;9.285714285714286
325;Skitty;Normal;;50;45;45;35;35;50;3;FAUX;324;136;32;23.52941176470588
326;Delcatty;Normal;;70;65;65;55;55;70;3;FAUX;325;116;58;50.0
327;Ténéfix;Obscur;Spectre;50;75;75;65;65;50;3;FAUX;326;121;49;40.49586776859504
328;Mega Ténéfix;Obscur;Spectre;50;85;125;85;115;20;3;FAUX;327;137;59;43.06569343065693
329;Mysdibule;Acier;Fée;50;85;85;55;55;50;3;FAUX;328;123;48;39.02439024390244
330;Mega Mysdibule;Acier;Fée;50;105;125;55;95;50;3;FAUX;329;141;53;37.5886524822695
331;Galekid;Acier;Roche;50;70;100;40;40;30;3;FAUX;330;126;28;22.22222222222222
332;Galegon;Acier;Roche;60;90;140;50;50;40;3;FAUX;331;142;36;25.352112676056336
333;Galeking;Acier;Roche;70;110;180;60;60;50;3;FAUX;332;153;63;41.17647058823529
334;Mega Laggron;Acier;;70;140;230;60;80;50;3;FAUX;333;148;48;32.432432432432435
335;Méditikka;Combat;Psy;30;40;55;40;55;60;3;FAUX;334;139;45;32.37410071942446
336;Charmina;Combat;Psy;60;60;75;60;75;80;3;FAUX;335;112;82;73.21428571428571
337;Mega Charmina;Combat;Psy;60;100;85;80;85;100;3;FAUX;336;127;89;70.07874015748031
338;Dynavolt;Electrique;;40;45;40;65;40;65;3;FAUX;337;136;77;56.61764705882353
339;Élecsprint;Electrique;;70;75;60;105;60;105;3;FAUX;338;125;110;88.0
340;Mega Élecsprint;Electrique;;70;75;80;135;80;135;3;FAUX;339;134;123;91.7910447761194
341;Posipi;Electrique;;60;50;40;85;75;95;3;FAUX;340;122;92;75.40983606557377
342;Négapi;Electrique;;60;40;50;75;85;95;3;FAUX;341;134;81;60.447761194029844
343;Muciole;Insecte;;65;73;55;47;75;85;3;FAUX;342;111;76;68.46846846846847
344;Lumivole;Insecte;;65;47;55;73;75;85;3;FAUX;343;160;104;65.0
345;Rosélia;Herbe;Poison;50;60;45;100;80;65;3;FAUX;344;116;53;45.689655172413794
346;Gloupti;Poison;;70;43;53;43;53;40;3;FAUX;345;110;21;19.090909090909093
347;Avaltout;Poison;;100;73;83;73;83;55;3;FAUX;346;121;45;37.1900826446281
348;Carvanha;Eau;Obscur;45;90;20;65;20;65;3;FAUX;347;129;66;51.162790697674424
349;Sharpedo;Eau;Obscur;70;120;40;95;40;95;3;FAUX;348;132;107;81.06060606060606
350;Mega Sharpedo;Eau;Obscur;70;140;70;110;65;105;3;FAUX;349;120;114;95.0
351;Wailmer;Eau;;130;70;35;70;35;60;3;FAUX;350;112;45;40.17857142857143
352;Wailord;Eau;;170;90;45;90;45;60;3;FAUX;351;138;59;42.7536231884058
353;Chamallot;Feu;Sol;60;60;40;65;45;35;3;FAUX;352;120;19;15.833333333333332
354;Camérupt;Feu;Sol;70;100;70;105;75;40;3;FAUX;353;112;26;23.214285714285715
355;Mega Camérupt;Feu;Sol;70;120;100;145;105;20;3;FAUX;354;131;37;28.24427480916031
356;Chartor;Feu;;70;85;140;85;70;20;3;FAUX;355;125;34;27.200000000000003
357;Spoink;Psy;;60;25;35;70;80;60;3;FAUX;356;117;36;30.76923076923077
358;Groret;Psy;;80;45;65;90;110;80;3;FAUX;357;108;59;54.629629629629626
359;Spinda;Normal;;60;60;60;60;60;60;3;FAUX;358;126;48;38.095238095238095
360;Kraknoix;Sol;;45;100;45;45;45;10;3;FAUX;359;139;41;29.496402877697843
361;Vibraninf;Sol;Dragon;50;70;50;50;50;70;3;FAUX;360;124;70;56.451612903225815
362;Libégon;Sol;Dragon;80;100;80;80;80;100;3;FAUX;361;116;105;90.51724137931035
363;Cacnea;Herbe;;50;85;40;85;40;35;3;FAUX;362;126;22;17.46031746031746
364;Cacturne;Herbe;Obscur;70;115;60;115;60;55;3;FAUX;363;142;66;46.478873239436616
365;Tylton;Normal;Vol;45;40;60;40;75;50;3;FAUX;364;123;36;29.268292682926827
366;Altaria;Dragon;Vol;75;70;90;70;105;80;3;FAUX;365;125;82;65.60000000000001
367;Mega Altaria;Dragon;Fée;75;110;110;110;105;80;3;FAUX;366;137;90;65.69343065693431
368;Mangriff;Normal;;73;115;60;60;60;90;3;FAUX;367;118;79;66.94915254237289
369;Séviper;Poison;;73;100;60;100;60;65;3;FAUX;368;143;61;42.65734265734265
370;Séléroc;Roche;Psy;70;55;65;95;85;70;3;FAUX;369;130;69;53.07692307692308
371;Solaroc;Roche;Psy;70;95;85;55;65;70;3;FAUX;370;108;54;50.0
372;Barloche;Eau;Sol;50;48;43;46;41;60;3;FAUX;371;148;70;47.2972972972973
373;Barbicha;Eau;Sol;110;78;73;76;71;60;3;FAUX;372;123;41;33.33333333333333
374;Écrapince;Eau;;43;80;65;50;35;35;3;FAUX;373;155;22;14.193548387096774
375;Colhomard;Eau;Obscur;63;120;85;90;55;55;3;FAUX;374;121;34;28.09917355371901
376;Balbuto;Sol;Psy;40;40;55;40;70;55;3;FAUX;375;149;61;40.939597315436245
377;Kaorine;Sol;Psy;60;70;105;70;120;75;3;FAUX;376;122;73;59.83606557377049
378;Lilia;Roche;Herbe;66;41;77;61;87;23;3;FAUX;377;124;15;12.096774193548388
379;Vacilys;Roche;Herbe;86;81;97;81;107;43;3;FAUX;378;128;26;20.3125
380;Anorith;Roche;Insecte;45;95;50;40;50;75;3;FAUX;379;150;81;54.0
381;Armaldo;Roche;Insecte;75;125;100;70;80;45;3;FAUX;380;112;37;33.035714285714285
382;Barpau;Eau;;20;15;20;10;55;80;3;FAUX;381;123;33;26.82926829268293
383;Milobellus;Eau;;95;60;79;100;125;81;3;FAUX;382;129;80;62.01550387596899
384;Morphéo;Normal;;70;70;70;70;70;70;3;FAUX;383;121;64;52.892561983471076
385;Kecleon;Normal;;60;90;70;60;120;40;3;FAUX;384;124;34;27.419354838709676
386;Polichombr;Spectre;;44;75;35;63;33;45;3;FAUX;385;136;36;26.47058823529412
387;Branette;Spectre;;64;115;65;83;63;65;3;FAUX;386;139;74;53.23741007194245
388;Mega Branette;Spectre;;64;165;75;93;83;75;3;FAUX;387;126;83;65.87301587301587
389;Skelénox;Spectre;;20;40;90;30;90;25;3;FAUX;388;132;15;11.363636363636363
390;Téraclope;Spectre;;40;70;130;60;130;25;3;FAUX;389;121;21;17.355371900826448
391;Tropius;Herbe;Vol;99;68;83;72;87;51;3;FAUX;390;134;56;41.7910447761194
392;Éoko;Psy;;65;50;70;95;80;65;3;FAUX;391;122;52;42.62295081967213
393;Absol;Obscur;;65;130;60;75;60;75;3;FAUX;392;129;89;68.9922480620155
394;Mega Absol;Obscur;;65;150;60;115;60;115;3;FAUX;393;139;130;93.5251798561151
395;Okéoké;Psy;;95;23;48;23;48;23;3;FAUX;394;130;6;4.615384615384616
396;Stalgamin;Glace;;50;50;50;50;50;50;3;FAUX;395;127;39;30.708661417322837
397;Oniglali;Glace;;80;80;80;80;80;80;3;FAUX;396;133;80;60.150375939849624
398;Mega Oniglali;Glace;;80;120;80;120;80;100;3;FAUX;397;92;78;84.78260869565217
399;Obalie;Glace;Eau;70;40;50;55;50;25;3;FAUX;398;131;8;6.106870229007633
400;Phogleur;Glace;Eau;90;60;70;75;70;45;3;FAUX;399;134;32;23.88059701492537
401;Kaimorse;Glace;Eau;110;80;90;95;90;65;3;FAUX;400;149;75;50.33557046979866
402;Coquiperl;Eau;;35;64;85;74;55;32;3;FAUX;401;116;23;19.82758620689655
403;Serpang;Eau;;55;104;105;94;75;52;3;FAUX;402;132;48;36.36363636363637
404;Rosabyss;Eau;;55;84;105;114;75;52;3;FAUX;403;128;37;28.90625
405;Relicanth;Eau;Roche;100;90;130;45;65;55;3;FAUX;404;134;57;42.53731343283582
406;Lovdisc;Eau;;43;30;55;40;65;97;3;FAUX;405;131;79;60.30534351145038
407;Draby;Dragon;;45;75;60;40;30;50;3;FAUX;406;125;38;30.4
408;Drackhaus;Dragon;;65;95;100;60;50;50;3;FAUX;407;123;43;34.959349593495936
409;Drattak;Dragon;Vol;95;135;80;110;80;100;3;FAUX;408;137;113;82.48175182481752
410;Mega Drattak;Dragon;Vol;95;145;130;120;90;120;3;FAUX;409;133;125;93.98496240601504
411;Terhal;Acier;Psy;40;55;80;35;60;30;3;FAUX;410;133;20;15.037593984962406
412;Métang;Acier;Psy;60;75;100;55;80;50;3;FAUX;411;136;42;30.88235294117647
413;Métalosse;Acier;Psy;80;135;130;95;90;70;3;FAUX;412;110;57;51.81818181818182
414;Mega Métalosse;Acier;Psy;80;145;150;105;110;110;3;FAUX;413;130;113;86.92307692307692
415;Regirock;Roche;;80;100;200;50;100;50;3;VRAI;414;144;50;34.72222222222222
416;Regice;Glace;;80;50;100;100;200;50;3;VRAI;415;140;33;23.57142857142857
417;Registeel;Acier;;80;75;150;75;150;50;3;VRAI;416;113;35;30.973451327433626
418;Latias;Dragon;Psy;80;80;90;110;130;110;3;VRAI;417;133;116;87.21804511278195
419;Mega Latias;Dragon;Psy;80;100;120;140;150;110;3;VRAI;418;0;0;0.0
420;Latios;Dragon;Psy;80;90;80;130;110;110;3;VRAI;419;125;107;85.6
421;Mega Latios;Dragon;Psy;80;130;100;160;120;110;3;VRAI;420;108;97;89.81481481481481
422;Kyogre;Eau;;100;100;90;150;140;90;3;VRAI;421;128;92;71.875
423;Kyogre primaire;Eau;;100;150;90;180;160;90;3;VRAI;422;132;97;73.48484848484848
424;Groudon;Sol;;100;150;140;100;90;90;3;VRAI;423;133;106;79.69924812030075
425;Groudon primaire;Sol;Feu;100;180;160;150;90;90;3;VRAI;424;121;91;75.20661157024794
426;Rayquaza;Dragon;Vol;105;150;90;150;90;95;3;VRAI;425;140;116;82.85714285714286
427;Mega Rayquaza;Dragon;Vol;105;180;100;180;100;115;3;VRAI;426;134;127;94.77611940298507
428;Jirachi;Acier;Psy;100;100;100;100;100;100;3;VRAI;427;153;134;87.58169934640523
429;Deoxys forme normale;Psy;;50;150;50;150;50;150;3;VRAI;428;106;99;93.39622641509435
430;Deoxys forme attaque;Psy;;50;180;20;180;20;150;3;VRAI;429;134;121;90.29850746268657
431;Deoxys forme défense;Psy;;50;70;160;70;160;90;3;VRAI;430;151;112;74.17218543046357
432;Deoxys forme rapide;Psy;;50;95;90;95;90;180;3;VRAI;431;145;133;91.72413793103448
433;Tortipouss;Herbe;;55;68;64;45;55;31;4;FAUX;432;120;14;11.666666666666666
434;Boskara;Herbe;;75;89;85;55;65;36;4;FAUX;433;132;39;29.545454545454547
435;Torterra;Herbe;Sol;95;109;105;75;85;56;4;FAUX;434;113;39;34.51327433628318
436;Ouisticram;Feu;;44;58;44;58;44;61;4;FAUX;435;112;47;41.964285714285715
437;Chimpenfeu;Feu;Combat;64;78;52;78;52;81;4;FAUX;436;123;79;64.22764227642277
438;Simiabraz;Feu;Combat;76;104;71;104;71;108;4;FAUX;437;149;136;91.2751677852349
439;Tiplouf;Eau;;53;51;53;61;56;40;4;FAUX;438;140;20;14.285714285714285
440;Prinplouf;Eau;;64;66;68;81;76;50;4;FAUX;439;131;33;25.190839694656486
441;Pingoléon;Eau;Acier;84;86;88;111;101;60;4;FAUX;440;123;57;46.34146341463415
442;Étourmi;Normal;Vol;40;55;30;30;30;60;4;FAUX;441;124;54;43.54838709677419
443;Étourvol;Normal;Vol;55;75;50;40;40;80;4;FAUX;442;119;75;63.02521008403361
444;Étouraptor;Normal;Vol;85;120;70;50;60;100;4;FAUX;443;136;113;83.08823529411765
445;Keunotor;Normal;;59;45;40;35;40;31;4;FAUX;444;133;19;14.285714285714285
446;Castorno;Normal;Eau;79;85;60;55;60;71;4;FAUX;445;139;84;60.431654676258994
447;Crikzik;Insecte;;37;25;41;25;41;25;4;FAUX;446;124;11;8.870967741935484
448;Mélokrik;Insecte;;77;85;51;55;51;65;4;FAUX;447;122;63;51.63934426229508
449;Lixy;Electrique;;45;65;34;40;34;45;4;FAUX;448;139;36;25.899280575539567
450;Luxio;Electrique;;60;85;49;60;49;60;4;FAUX;449;126;56;44.44444444444444
451;Luxray;Electrique;;80;120;79;95;79;70;4;FAUX;450;132;77;58.333333333333336
452;Rozbouton;Herbe;Poison;40;30;35;50;70;55;4;FAUX;451;117;33;28.205128205128204
453;Roserade;Herbe;Poison;60;70;65;125;105;90;4;FAUX;452;136;94;69.11764705882352
454;Kranidos;Roche;;67;125;40;30;30;58;4;FAUX;453;102;35;34.31372549019608
455;Charkos;Roche;;97;165;60;65;50;58;4;FAUX;454;123;48;39.02439024390244
456;Dinoclier;Roche;Acier;30;42;118;42;88;30;4;FAUX;455;125;14;11.200000000000001
457;Bastiodon;Roche;Acier;60;52;168;47;138;30;4;FAUX;456;121;24;19.834710743801654
458;Cheniti;Insecte;;40;29;45;29;45;36;4;FAUX;457;123;18;14.634146341463413
459;Cheniselle cape de plante;Insecte;Herbe;60;59;85;79;105;36;4;FAUX;458;126;21;16.666666666666664
460;Cheniselle cape de sable;Insecte;Sol;60;79;105;59;85;36;4;FAUX;459;129;22;17.05426356589147
461;Cheniselle cape de corbeille;Insecte;Acier;60;69;95;69;95;36;4;FAUX;460;138;36;26.08695652173913
462;Papilord;Insecte;Vol;70;94;50;94;50;66;4;FAUX;461;135;65;48.148148148148145
463;Apitrini;Insecte;Vol;30;30;42;30;42;70;4;FAUX;462;130;55;42.30769230769231
464;Apireine;Insecte;Vol;70;80;102;80;102;40;4;FAUX;463;127;34;26.77165354330709
465;Pachirisu;Electrique;;60;45;70;45;90;95;4;FAUX;464;141;103;73.04964539007092
466;Mustébouée;Eau;;55;65;35;60;30;85;4;FAUX;465;111;68;61.261261261261254
467;Mustéflott;Eau;;85;105;55;85;50;115;4;FAUX;466;124;112;90.32258064516128
468;Ceribou;Herbe;;45;35;45;62;53;35;4;FAUX;467;135;16;11.851851851851853
469;Ceriflor;Herbe;;70;60;70;87;78;85;4;FAUX;468;114;71;62.28070175438597
470;Sancoki;Eau;;76;48;48;57;62;34;4;FAUX;469;154;18;11.688311688311687
471;Tritosor;Eau;Sol;111;83;68;92;82;39;4;FAUX;470;124;22;17.741935483870968
472;Capidextre;Normal;;75;100;66;60;66;115;4;FAUX;471;111;102;91.8918918918919
473;Baudrive;Spectre;Vol;90;50;34;60;44;70;4;FAUX;472;113;71;62.83185840707964
474;Grodrive;Spectre;Vol;150;80;44;90;54;80;4;FAUX;473;128;80;62.5
475;Laporeille;Normal;;55;66;44;44;56;85;4;FAUX;474;135;93;68.88888888888889
476;Lockpin;Normal;;65;76;84;54;96;105;4;FAUX;475;121;109;90.08264462809917
477;Mega Lockpin;Normal;Combat;65;136;94;54;96;135;4;FAUX;476;129;124;96.12403100775194
478;Magirêve;Spectre;;60;60;60;105;105;105;4;FAUX;477;125;106;84.8
479;Corboss;Obscur;Vol;100;125;52;105;52;71;4;FAUX;478;0;0;0.0
480;Chaglam;Normal;;49;55;42;42;37;85;4;FAUX;479;117;71;60.68376068376068
481;Chaffreux;Normal;;71;82;64;64;59;112;4;FAUX;480;119;111;93.27731092436974
482;Korillon;Psy;;45;30;50;65;50;45;4;FAUX;481;123;17;13.821138211382115
483;Moufouette;Poison;Obscur;63;63;47;41;41;74;4;FAUX;482;125;70;56.00000000000001
484;Moufflair;Poison;Obscur;103;93;67;71;61;84;4;FAUX;483;119;85;71.42857142857143
485;Archéomire;Acier;Psy;57;24;86;24;86;23;4;FAUX;484;110;14;12.727272727272727
486;Archéodong;Acier;Psy;67;89;116;79;116;33;4;FAUX;485;141;37;26.24113475177305
487;Manzaï;Roche;;50;80;95;10;45;10;4;FAUX;486;125;29;23.200000000000003
488;Mime Jr.;Psy;Fée;20;25;45;70;90;60;4;FAUX;487;120;37;30.833333333333336
489;Ptiravi;Normal;;100;5;5;15;65;30;4;FAUX;488;104;8;7.6923076923076925
490;Pijako;Normal;Vol;76;65;45;92;42;91;4;FAUX;489;149;111;74.49664429530202
491;Spiritomb;Spectre;Obscur;50;92;108;92;108;35;4;FAUX;490;118;29;24.576271186440678
492;Griknot;Dragon;Sol;58;70;45;40;45;42;4;FAUX;491;135;35;25.925925925925924
493;Carmache;Dragon;Sol;68;90;65;50;55;82;4;FAUX;492;133;82;61.65413533834586
494;Carchacrok;Dragon;Sol;108;130;95;80;85;102;4;FAUX;493;127;97;76.37795275590551
495;Mega Carchacrok;Dragon;Sol;108;170;115;120;95;92;4;FAUX;494;120;85;70.83333333333334
496;Goinfrex;Normal;;135;85;40;40;85;5;4;FAUX;495;118;81;68.64406779661016
497;Riolu;Combat;;40;70;40;35;40;60;4;FAUX;496;125;49;39.2
498;Lucario;Combat;Acier;70;110;70;115;70;90;4;FAUX;497;120;90;75.0
499;Mega Lucario;Combat;Acier;70;145;88;140;70;112;4;FAUX;498;108;96;88.88888888888889
500;Hippopotas;Sol;;68;72;78;38;42;32;4;FAUX;499;126;30;23.809523809523807
501;Hippodocus;Sol;;108;112;118;68;72;47;4;FAUX;500;120;35;29.166666666666668
502;Rapion;Poison;Insecte;40;50;90;30;55;65;4;FAUX;501;141;63;44.680851063829785
503;Drascore;Poison;Obscur;70;90;110;60;75;95;4;FAUX;502;120;88;73.33333333333333
504;Cradopaud;Poison;Combat;48;61;40;61;40;50;4;FAUX;503;114;29;25.438596491228072
505;Coatox;Poison;Combat;83;106;65;86;65;85;4;FAUX;504;128;85;66.40625
506;Vortente;Herbe;;74;100;72;90;72;46;4;FAUX;505;114;28;24.561403508771928
507;Écayon;Eau;;49;49;56;49;61;66;4;FAUX;506;131;68;51.908396946564885
508;Luminéon;Eau;;69;69;76;69;86;91;4;FAUX;507;119;78;65.54621848739495
509;Babimanta;Eau;Vol;45;20;50;60;120;50;4;FAUX;508;108;26;24.074074074074073
510;Blizzi;Herbe;Glace;60;62;50;62;60;40;4;FAUX;509;121;22;18.181818181818183
511;Blizzaroi;Herbe;Glace;90;92;75;92;85;60;4;FAUX;510;121;60;49.586776859504134
512;Mega Blizzaroi;Herbe;Glace;90;132;105;132;105;30;4;FAUX;511;146;62;42.465753424657535
513;Dimoret;Obscur;Glace;70;120;65;45;85;125;4;FAUX;512;119;116;97.47899159663865
514;Magnézone;Electrique;Acier;70;70;115;130;90;60;4;FAUX;513;118;63;53.38983050847458
515;Coudlangue;Normal;;110;85;95;80;95;50;4;FAUX;514;129;35;27.131782945736433
516;Rhinastoc;Sol;Roche;115;140;130;55;55;40;4;FAUX;515;104;47;45.19230769230769
517;Bouldeneu;Herbe;;100;100;125;110;50;50;4;FAUX;516;125;48;38.4
518;Élekable;Electrique;;75;123;67;95;85;95;4;FAUX;517;123;94;76.42276422764228
519;Maganon;Feu;;75;95;67;125;95;83;4;FAUX;518;111;79;71.17117117117117
520;Togekiss;Fée;Vol;85;50;95;120;115;80;4;FAUX;519;126;73;57.936507936507944
521;Yanméga;Insecte;Vol;86;76;86;116;56;95;4;FAUX;520;114;91;79.82456140350878
522;Phyllali;Herbe;;65;110;130;60;65;95;4;FAUX;521;151;125;82.78145695364239
523;Givrali;Glace;;65;60;110;130;95;65;4;FAUX;522;134;64;47.76119402985074
524;Scorvol;Sol;Vol;75;95;125;45;75;95;4;FAUX;523;132;109;82.57575757575758
525;Mammochon;Glace;Sol;110;130;80;70;60;80;4;FAUX;524;116;68;58.620689655172406
526;Porygon-Z;Normal;;85;80;70;135;75;90;4;FAUX;525;147;103;70.06802721088435
527;Gallame;Psy;Combat;68;125;65;65;115;80;4;FAUX;526;137;86;62.77372262773723
528;Mega Gallame;Psy;Combat;68;165;95;65;115;110;4;FAUX;527;130;112;86.15384615384616
529;Tarinorme;Roche;Acier;60;55;145;75;150;40;4;FAUX;528;130;26;20.0
530;Noctunoir;Spectre;;45;100;135;65;135;45;4;FAUX;529;136;40;29.411764705882355
531;Momartik;Glace;Spectre;70;80;70;80;70;110;4;FAUX;530;138;91;65.94202898550725
532;Motisma;Electrique;Spectre;50;50;77;95;77;91;4;FAUX;531;120;71;59.166666666666664
533;Motisma chaud;Electrique;Feu;50;65;107;105;107;86;4;FAUX;532;113;79;69.91150442477876
534;Mirosa lavage;Electrique;Eau;50;65;107;105;107;86;4;FAUX;533;116;90;77.58620689655173
535;Motisma frost;Electrique;Glace;50;65;107;105;107;86;4;FAUX;534;128;90;70.3125
536;Motisma;Electrique;Vol;50;65;107;105;107;86;4;FAUX;535;121;88;72.72727272727273
537;Mitosma tondu;Electrique;Herbe;50;65;107;105;107;86;4;FAUX;536;134;98;73.13432835820896
538;Créhelf;Psy;;75;75;130;75;130;95;4;VRAI;537;123;92;74.79674796747967
539;Créfollet;Psy;;80;105;105;105;105;80;4;VRAI;538;133;79;59.3984962406015
540;Créfadet;Psy;;75;125;70;125;70;115;4;VRAI;539;135;122;90.37037037037037
541;Dialga;Acier;Dragon;100;120;120;150;100;90;4;VRAI;540;151;119;78.80794701986756
542;Palkia;Eau;Dragon;90;120;100;150;120;100;4;VRAI;541;149;115;77.18120805369128
543;Heatran;Feu;Acier;91;90;106;130;106;77;4;VRAI;542;131;85;64.8854961832061
544;Regigigas;Normal;;110;160;110;80;110;100;4;VRAI;543;142;122;85.91549295774648
545;Giratina forme modifiée;Spectre;Dragon;150;100;120;100;120;90;4;VRAI;544;111;74;66.66666666666666
546;Giratina forme originale;Spectre;Dragon;150;120;100;120;100;90;4;VRAI;545;134;89;66.4179104477612
547;Cresselia;Psy;;120;70;120;75;130;85;4;FAUX;546;118;79;66.94915254237289
548;Phione;Eau;;80;80;80;80;80;80;4;FAUX;547;132;74;56.060606060606055
549;Manaphy;Eau;;100;100;100;100;100;100;4;FAUX;548;134;118;88.05970149253731
550;Darkrai;Obscur;;70;90;90;135;90;125;4;VRAI;549;117;110;94.01709401709401
551;Shaymin forme de terre;Herbe;;100;100;100;100;100;100;4;VRAI;550;136;117;86.02941176470588
552;Shaymin forme de ciel;Herbe;Vol;100;103;75;120;75;127;4;VRAI;551;118;111;94.0677966101695
553;Arceus;Normal;;120;120;120;120;120;120;4;VRAI;552;122;114;93.44262295081968
554;Victini;Psy;Feu;100;100;100;100;100;100;5;VRAI;553;131;115;87.78625954198473
555;Vipélierre;Herbe;;45;45;55;45;55;63;5;FAUX;554;111;51;45.94594594594595
556;Lianaja;Herbe;;60;60;75;60;75;83;5;FAUX;555;0;0;0.0
557;Majaspic;Herbe;;75;75;95;75;95;113;5;FAUX;556;132;119;90.15151515151516
558;Gruikui;Feu;;65;63;45;45;45;45;5;FAUX;557;131;34;25.954198473282442
559;Grotichon;Feu;Combat;90;93;55;70;55;55;5;FAUX;558;144;55;38.19444444444444
560;Roitiflam;Feu;Combat;110;123;65;100;65;65;5;FAUX;559;138;72;52.17391304347826
561;Moustillon;Eau;;55;55;45;63;45;45;5;FAUX;560;124;31;25.0
562;Mateloutre;Eau;;75;75;60;83;60;60;5;FAUX;561;122;48;39.34426229508197
563;Clamiral;Eau;;95;100;85;108;70;70;5;FAUX;562;115;65;56.52173913043478
564;Ratentif;Normal;;45;55;39;35;39;42;5;FAUX;563;135;25;18.51851851851852
565;Miradar;Normal;;60;85;69;60;69;77;5;FAUX;564;133;69;51.8796992481203
566;Ponchiot;Normal;;45;60;45;25;45;55;5;FAUX;565;100;29;28.999999999999996
567;Ponchien;Normal;;65;80;65;35;65;60;5;FAUX;566;138;53;38.405797101449274
568;Mastouffe;Normal;;85;110;90;45;90;80;5;FAUX;567;116;72;62.06896551724138
569;Chacripan;Obscur;;41;50;37;50;37;66;5;FAUX;568;114;59;51.75438596491229
570;Léopardus;Obscur;;64;88;50;88;50;106;5;FAUX;569;135;123;91.11111111111111
571;Feuillajou;Herbe;;50;53;48;53;48;64;5;FAUX;570;130;53;40.76923076923077
572;Feuiloutan;Herbe;;75;98;63;98;63;101;5;FAUX;571;131;106;80.91603053435115
573;Flamajou;Feu;;50;53;48;53;48;64;5;FAUX;572;130;60;46.15384615384615
574;Flamoutan;Feu;;75;98;63;98;63;101;5;FAUX;573;127;113;88.9763779527559
575;Flotajou;Eau;;50;53;48;53;48;64;5;FAUX;574;117;42;35.8974358974359
576;Flotoutan;Eau;;75;98;63;98;63;101;5;FAUX;575;133;113;84.9624060150376
577;Munna;Psy;;76;25;45;67;55;24;5;FAUX;576;128;5;3.90625
578;Mushana;Psy;;116;55;85;107;95;29;5;FAUX;577;132;9;6.8181818181818175
579;Poichigeon;Normal;Vol;50;55;50;36;30;43;5;FAUX;578;154;45;29.22077922077922
580;Colombeau;Normal;Vol;62;77;62;50;42;65;5;FAUX;579;124;60;48.38709677419355
581;Déflaisan;Normal;Vol;80;115;80;65;55;93;5;FAUX;580;130;102;78.46153846153847
582;Zébribon;Electrique;;45;60;32;50;32;76;5;FAUX;581;135;80;59.25925925925925
583;Zéblitz;Electrique;;75;100;63;80;63;116;5;FAUX;582;107;100;93.45794392523365
584;Nodulithe;Roche;;55;75;85;25;25;15;5;FAUX;583;144;27;18.75
585;Géolithe;Roche;;70;105;105;50;40;20;5;FAUX;584;131;44;33.587786259541986
586;Gigalithe;Roche;;85;135;130;60;80;25;5;FAUX;585;148;60;40.54054054054054
587;Chovsourir;Psy;Vol;55;45;43;55;43;72;5;FAUX;586;123;72;58.536585365853654
588;Rhinolove;Psy;Vol;67;57;55;77;55;114;5;FAUX;587;116;103;88.79310344827587
589;Rototaupe;Sol;;60;85;40;30;45;68;5;FAUX;588;109;70;64.22018348623854
590;Minotaupe;Sol;Acier;110;135;60;50;65;88;5;FAUX;589;133;103;77.44360902255639
591;Nanméouïe;Normal;;103;60;86;60;86;50;5;FAUX;590;133;46;34.58646616541353
592;Mega Nanméouïe;Normal;Fée;103;60;126;80;126;50;5;FAUX;591;132;48;36.36363636363637
593;Charpenti;Combat;;75;80;55;25;35;35;5;FAUX;592;150;28;18.666666666666668
594;Ouvrifier;Combat;;85;105;85;40;50;40;5;FAUX;593;118;25;21.1864406779661
595;Bétochef;Combat;;105;140;95;55;65;45;5;FAUX;594;130;39;30.0
596;Tritonde;Eau;;50;50;40;50;40;64;5;FAUX;595;136;62;45.588235294117645
597;Batracné;Eau;Sol;75;65;55;65;55;69;5;FAUX;596;124;54;43.54838709677419
598;Crapustule;Eau;Sol;105;95;75;85;75;74;5;FAUX;597;119;68;57.14285714285714
599;Judokrak;Combat;;120;100;85;30;85;45;5;FAUX;598;147;33;22.448979591836736
600;Karaclée;Combat;;75;125;75;30;75;85;5;FAUX;599;136;85;62.5
601;Larveyette;Insecte;Herbe;45;53;70;40;60;42;5;FAUX;600;136;35;25.735294117647058
602;Couverdure;Insecte;Herbe;55;63;90;50;80;42;5;FAUX;601;123;26;21.138211382113823
603;Manternel;Insecte;Herbe;75;103;80;70;80;92;5;FAUX;602;121;96;79.33884297520662
604;Venipatte;Insecte;Poison;30;45;59;30;39;57;5;FAUX;603;132;37;28.030303030303028
605;Scobolide;Insecte;Poison;40;55;99;40;79;47;5;FAUX;604;99;26;26.262626262626267
606;Brutapode;Insecte;Poison;60;100;89;55;69;112;5;FAUX;605;114;106;92.98245614035088
607;Doudouvet;Herbe;Fée;40;27;60;37;50;66;5;FAUX;606;127;46;36.22047244094488
608;Farfaduvet;Herbe;Fée;60;67;85;77;75;116;5;FAUX;607;117;104;88.88888888888889
609;Chlorobule;Herbe;;45;35;50;70;50;30;5;FAUX;608;146;23;15.753424657534246
610;Fragilady;Herbe;;70;60;75;110;75;90;5;FAUX;609;127;91;71.65354330708661
611;Bargantua;Eau;;70;92;65;80;55;98;5;FAUX;610;110;89;80.9090909090909
612;Mascaïman;Sol;Obscur;50;72;35;35;35;65;5;FAUX;611;134;72;53.73134328358209
613;Escroco;Sol;Obscur;60;82;45;45;45;74;5;FAUX;612;113;65;57.52212389380531
614;Crocorible;Sol;Obscur;95;117;80;65;70;92;5;FAUX;613;132;111;84.0909090909091
615;Darumarond;Feu;;70;90;45;15;45;50;5;FAUX;614;124;45;36.29032258064516
616;Darumacho forme standard;Feu;;105;140;55;30;55;95;5;FAUX;615;133;109;81.95488721804512
617;Darumacho mode zen;Feu;Psy;105;30;105;140;105;55;5;FAUX;616;122;43;35.24590163934426
618;Maracachi;Herbe;;75;86;67;106;67;60;5;FAUX;617;0;0;0.0
619;Crabicoque;Insecte;Roche;50;65;85;35;35;55;5;FAUX;618;132;43;32.57575757575758
620;Crabaraque;Insecte;Roche;70;95;125;65;75;45;5;FAUX;619;119;40;33.61344537815126
621;Baggiguane;Obscur;Combat;50;75;70;35;70;48;5;FAUX;620;109;32;29.357798165137616
622;Baggaïd;Obscur;Combat;65;90;115;45;115;58;5;FAUX;621;121;61;50.413223140495866
623;Cryptéro;Psy;Vol;72;58;80;103;80;97;5;FAUX;622;152;109;71.71052631578947
624;Tutafeh;Spectre;;38;30;85;55;65;30;5;FAUX;623;126;27;21.428571428571427
625;Tutankafer;Spectre;;58;50;145;95;105;30;5;FAUX;624;122;30;24.59016393442623
626;Carapagos;Eau;Roche;54;78;103;53;45;22;5;FAUX;625;129;30;23.25581395348837
627;Mégapagos;Eau;Roche;74;108;133;83;65;32;5;FAUX;626;140;45;32.142857142857146
628;Arkéapti;Roche;Vol;55;112;45;74;45;70;5;FAUX;627;118;66;55.932203389830505
629;Aéroptéryx;Roche;Vol;75;140;65;112;65;110;5;FAUX;628;128;117;91.40625
630;Miamiasme;Poison;;50;50;62;40;62;65;5;FAUX;629;117;49;41.88034188034188
631;Miasmax;Poison;;80;95;82;60;82;75;5;FAUX;630;145;87;60.0
632;Zorua;Obscur;;40;65;40;80;40;65;5;FAUX;631;131;66;50.38167938931297
633;Zoroark;Obscur;;60;105;60;120;60;105;5;FAUX;632;113;100;88.49557522123894
634;Chinchidou;Normal;;55;50;40;40;40;75;5;FAUX;633;148;88;59.45945945945946
635;Pashmilla;Normal;;75;95;60;65;60;115;5;FAUX;634;131;115;87.78625954198473
636;Scrutella;Psy;;45;30;50;55;65;45;5;FAUX;635;125;26;20.8
637;Mesmérella;Psy;;60;45;70;75;85;55;5;FAUX;636;123;37;30.081300813008134
638;Sidérella;Psy;;70;55;95;95;110;65;5;FAUX;637;133;65;48.87218045112782
639;Nucléos;Psy;;45;30;40;105;50;20;5;FAUX;638;129;4;3.10077519379845
640;Méios;Psy;;65;40;50;125;60;30;5;FAUX;639;124;9;7.258064516129033
641;Symbios;Psy;;110;65;75;125;85;30;5;FAUX;640;120;18;15.0
642;Couaneton;Eau;Vol;62;44;50;44;50;55;5;FAUX;641;124;45;36.29032258064516
643;Lakmécygne;Eau;Vol;75;87;63;87;63;98;5;FAUX;642;119;103;86.5546218487395
644;Sorbébé;Glace;;36;50;50;65;60;44;5;FAUX;643;110;18;16.363636363636363
645;Sorboul;Glace;;51;65;65;80;75;59;5;FAUX;644;126;55;43.65079365079365
646;Sorbouboul;Glace;;71;95;85;110;95;79;5;FAUX;645;125;83;66.4
647;Vivaldaim;Normal;Herbe;60;60;50;40;50;75;5;FAUX;646;119;70;58.82352941176471
648;Haydaim;Normal;Herbe;80;100;70;60;70;95;5;FAUX;647;120;89;74.16666666666667
649;Emolga;Electrique;Vol;55;75;60;75;60;103;5;FAUX;648;114;91;79.82456140350878
650;Carabing;Insecte;;50;75;45;40;45;60;5;FAUX;649;121;53;43.80165289256198
651;Lançargot;Insecte;Acier;70;135;105;60;105;20;5;FAUX;650;124;72;58.06451612903226
652;Trompignon;Herbe;Poison;69;55;45;55;55;15;5;FAUX;651;120;14;11.666666666666666
653;Gaulet;Herbe;Poison;114;85;70;85;80;30;5;FAUX;652;121;25;20.66115702479339
654;Viskuse;Eau;Spectre;55;40;50;65;85;40;5;FAUX;653;132;42;31.818181818181817
655;Moyade;Eau;Spectre;100;60;70;85;105;60;5;FAUX;654;0;0;0.0
656;Mamanbo;Eau;;165;75;80;40;45;65;5;FAUX;655;132;68;51.515151515151516
657;Statitik;Insecte;Electrique;50;47;50;57;50;65;5;FAUX;656;138;64;46.3768115942029
658;Mygavolt;Insecte;Electrique;70;77;60;97;60;108;5;FAUX;657;137;115;83.94160583941606
659;Grindur;Herbe;Acier;44;50;91;24;86;10;5;FAUX;658;111;22;19.81981981981982
660;Noacier;Herbe;Acier;74;94;131;54;116;20;5;FAUX;659;136;61;44.85294117647059
661;Tic;Acier;;40;55;70;45;60;30;5;FAUX;660;113;12;10.619469026548673
662;Clic;Acier;;60;80;95;70;85;50;5;FAUX;661;121;27;22.31404958677686
663;Cliticlic;Acier;;60;100;115;70;85;90;5;FAUX;662;131;99;75.57251908396947
664;Anchwatt;Electrique;;35;55;40;45;40;60;5;FAUX;663;126;45;35.714285714285715
665;Lampéroie;Electrique;;65;85;70;75;70;40;5;FAUX;664;128;26;20.3125
666;Ohmassacre;Electrique;;85;115;80;105;80;50;5;FAUX;665;111;34;30.630630630630627
667;Lewsor;Psy;;55;55;55;85;55;30;5;FAUX;666;159;21;13.20754716981132
668;Neitram;Psy;;75;75;75;125;95;40;5;FAUX;667;134;21;15.671641791044777
669;Funécire;Spectre;Feu;50;30;55;65;55;20;5;FAUX;668;117;16;13.675213675213676
670;Mélancolux;Spectre;Feu;60;40;60;95;60;55;5;FAUX;669;135;57;42.22222222222222
671;Lugulabre;Spectre;Feu;60;55;90;145;90;80;5;FAUX;670;112;68;60.71428571428571
672;Coupenotte;Dragon;;46;87;60;30;40;57;5;FAUX;671;135;51;37.77777777777778
673;Incisache;Dragon;;66;117;70;40;50;67;5;FAUX;672;129;59;45.73643410852713
674;Tranchodon;Dragon;;76;147;90;60;70;97;5;FAUX;673;127;105;82.67716535433071
675;Polarhume;Glace;;55;70;40;60;40;40;5;FAUX;674;115;31;26.956521739130434
676;Polagriffe;Glace;;95;110;80;70;80;50;5;FAUX;675;129;48;37.2093023255814
677;Hexagel;Glace;;70;50;30;95;135;105;5;FAUX;676;148;119;80.4054054054054
678;Escargaume;Insecte;;50;40;85;40;65;25;5;FAUX;677;124;11;8.870967741935484
679;Limaspeed;Insecte;;80;70;40;100;60;145;5;FAUX;678;128;118;92.1875
680;Limonde;Sol;Electrique;109;66;84;81;99;32;5;FAUX;679;144;29;20.13888888888889
681;Kungfouine;Combat;;45;85;50;55;50;65;5;FAUX;680;130;66;50.76923076923077
682;Shaofouine;Combat;;65;125;60;95;60;105;5;FAUX;681;131;121;92.36641221374046
683;Drakkarmin;Dragon;;77;120;90;60;90;48;5;FAUX;682;140;39;27.857142857142858
684;Gringolem;Sol;Spectre;59;74;50;35;50;35;5;FAUX;683;128;40;31.25
685;Golemastoc;Sol;Spectre;89;124;80;55;80;55;5;FAUX;684;126;72;57.14285714285714
686;Scalpion;Obscur;Acier;45;85;70;40;40;60;5;FAUX;685;109;57;52.293577981651374
687;Scalproie;Obscur;Acier;65;125;100;60;70;70;5;FAUX;686;141;86;60.99290780141844
688;Frison;Normal;;95;110;95;40;95;55;5;FAUX;687;119;48;40.33613445378151
689;Furaiglon;Normal;Vol;70;83;50;37;50;60;5;FAUX;688;122;41;33.60655737704918
690;Gueriaigle;Normal;Vol;100;123;75;57;75;80;5;FAUX;689;156;108;69.23076923076923
691;Vostourno;Obscur;Vol;70;55;75;45;65;60;5;FAUX;690;122;56;45.90163934426229
692;Vaututrice;Obscur;Vol;110;65;105;55;95;80;5;FAUX;691;147;92;62.585034013605444
693;Aflamanoir;Feu;;85;97;66;105;66;65;5;FAUX;692;121;57;47.107438016528924
694;Fermite;Insecte;Acier;58;109;112;48;48;109;5;FAUX;693;134;118;88.05970149253731
695;Solochi;Obscur;Dragon;52;65;50;45;50;38;5;FAUX;694;124;34;27.419354838709676
696;Diamat;Obscur;Dragon;72;85;70;65;70;58;5;FAUX;695;138;57;41.30434782608695
697;Trioxhydre;Obscur;Dragon;92;105;90;125;90;98;5;FAUX;696;129;106;82.17054263565892
698;Pyronille;Insecte;Feu;55;85;55;50;55;60;5;FAUX;697;137;58;42.33576642335766
699;Pyrax;Insecte;Feu;85;60;65;135;105;100;5;FAUX;698;137;103;75.18248175182481
700;Cobaltium;Acier;Combat;91;90;129;90;72;108;5;VRAI;699;128;117;91.40625
701;Terrakium;Roche;Combat;91;129;90;72;90;108;5;VRAI;700;123;105;85.36585365853658
702;Viridium;Herbe;Combat;91;90;72;90;129;108;5;VRAI;701;125;112;89.60000000000001
703;Boréas forme Incarnate;Vol;;79;115;70;125;80;111;5;VRAI;702;111;94;84.68468468468468
704;Boréas forme Therian;Vol;;79;100;80;110;90;121;5;VRAI;703;125;121;96.8
705;Fulguris forme Incarnate;Electrique;Vol;79;115;70;125;80;111;5;VRAI;704;125;108;86.4
706;Fulguris forme Therian;Electrique;Vol;79;105;70;145;80;101;5;VRAI;705;115;99;86.08695652173914
707;Reshiram;Dragon;Feu;100;120;100;150;120;90;5;VRAI;706;125;91;72.8
708;Zekrom;Dragon;Electrique;100;150;120;120;100;90;5;VRAI;707;154;100;64.93506493506493
709;Démétéros forme incarnée;Sol;Vol;89;125;90;115;80;101;5;VRAI;708;102;89;87.25490196078431
710;Démétéros forme Therian;Sol;Vol;89;145;90;105;80;91;5;VRAI;709;131;112;85.49618320610686
711;Kyurem;Dragon;Glace;125;130;90;130;90;95;5;VRAI;710;128;99;77.34375
712;Kyurem noir;Dragon;Glace;125;170;100;120;90;95;5;VRAI;711;100;77;77.0
713;Kyurem blanc;Dragon;Glace;125;120;90;170;100;95;5;VRAI;712;128;100;78.125
714;Keldeo forme ordinaire;Eau;Combat;91;72;90;129;90;108;5;FAUX;713;116;100;86.20689655172413
715;Keldeo forme resolue;Eau;Combat;91;72;90;129;90;108;5;FAUX;714;121;108;89.25619834710744
716;Meloetta forme Aria;Normal;Psy;100;77;77;128;128;90;5;FAUX;715;142;98;69.01408450704226
717;Meloetta forme Pirouette;Normal;Combat;100;128;90;77;77;128;5;FAUX;716;123;118;95.9349593495935
718;Genesect;Insecte;Acier;71;120;95;120;95;99;5;FAUX;717;128;105;82.03125
719;Marisson;Herbe;;56;61;65;48;45;38;6;FAUX;718;148;26;17.56756756756757
720;Boguérisse;Herbe;;61;78;95;56;58;57;6;FAUX;719;119;48;40.33613445378151
721;Blindépique;Herbe;Combat;88;107;122;74;75;64;6;FAUX;720;124;57;45.96774193548387
722;Feunnec;Feu;;40;45;40;62;60;60;6;FAUX;721;121;41;33.88429752066116
723;Roussil;Feu;;59;59;58;90;70;73;6;FAUX;722;115;67;58.26086956521739
724;Goupelin;Feu;Psy;75;69;72;114;100;104;6;FAUX;723;126;104;82.53968253968253
725;Grenousse;Eau;;41;56;40;62;44;71;6;FAUX;724;125;71;56.8
726;Croâporal;Eau;;54;63;52;83;56;97;6;FAUX;725;139;107;76.97841726618705
727;Amphinobi;Eau;Obscur;72;95;67;103;71;122;6;FAUX;726;127;122;96.06299212598425
728;Sapereau;Normal;;38;36;38;32;36;57;6;FAUX;727;113;44;38.93805309734513
729;Excavarenne;Normal;Sol;85;56;77;50;77;78;6;FAUX;728;128;68;53.125
730;Passerouge;Normal;Vol;45;50;43;40;38;62;6;FAUX;729;136;55;40.44117647058824
731;Braisillon;Feu;Vol;62;73;55;56;52;84;6;FAUX;730;127;92;72.44094488188976
732;Flambusard;Feu;Vol;78;81;71;74;69;126;6;FAUX;731;132;120;90.9090909090909
733;Lépidonille;Insecte;;38;35;40;27;25;35;6;FAUX;732;134;11;8.208955223880597
734;Pérégrain;Insecte;;45;22;60;27;30;29;6;FAUX;733;133;10;7.518796992481203
735;Prismillon;Insecte;Vol;80;52;50;90;50;89;6;FAUX;734;120;80;66.66666666666666
736;Hélionceau;Feu;Normal;62;50;58;73;54;72;6;FAUX;735;124;55;44.354838709677416
737;Némélios;Feu;Normal;86;68;72;109;66;106;6;FAUX;736;121;98;80.99173553719008
738;Flabébé;Fée;;44;38;39;61;79;42;6;FAUX;737;151;34;22.516556291390728
739;Floette;Fée;;54;45;47;75;98;52;6;FAUX;738;121;48;39.66942148760331
740;Florges;Fée;;78;65;68;112;154;75;6;FAUX;739;121;76;62.8099173553719
741;Cabriolaine;Herbe;;66;65;48;62;57;52;6;FAUX;740;127;46;36.22047244094488
742;Chevroum;Herbe;;123;100;62;97;81;68;6;FAUX;741;129;62;48.06201550387597
743;Pandespiègle;Combat;;67;82;62;46;48;43;6;FAUX;742;118;26;22.033898305084744
744;Pandarbare;Combat;Obscur;95;124;78;69;71;58;6;FAUX;743;123;46;37.39837398373984
745;Couafarel;Normal;;75;80;60;65;90;102;6;FAUX;744;131;113;86.25954198473282
746;Psystigri;Psy;;62;48;54;63;60;68;6;FAUX;745;112;58;51.78571428571429
747;Mistigrix Male;Psy;;74;48;76;83;81;104;6;FAUX;746;115;91;79.13043478260869
748;Mistigrix Femelle;Psy;;74;48;76;83;81;104;6;FAUX;747;127;93;73.22834645669292
749;Monorpale;Acier;Spectre;45;80;100;35;37;28;6;FAUX;748;112;35;31.25
750;Dimoclès;Acier;Spectre;59;110;150;45;49;35;6;FAUX;749;132;44;33.33333333333333
751;Exagide forme de lame;Acier;;60;150;50;150;50;60;6;FAUX;750;128;64;50.0
752;Exagide forme de bouclier;Acier;Spectre;60;50;150;50;150;60;6;FAUX;751;121;63;52.066115702479344
753;Fluvetin;Fée;;78;52;60;63;65;23;6;FAUX;752;133;8;6.015037593984962
754;Cocotine;Fée;;101;72;72;99;89;29;6;FAUX;753;129;25;19.379844961240313
755;Sucroquin;Fée;;62;48;66;59;57;49;6;FAUX;754;121;41;33.88429752066116
756;Cupcanaille;Fée;;82;80;86;85;75;72;6;FAUX;755;131;81;61.832061068702295
757;Sepiatop;Obscur;Psy;53;54;53;37;46;45;6;FAUX;756;110;34;30.909090909090907
758;Sepiatroce;Obscur;Psy;86;92;88;68;75;73;6;FAUX;757;158;108;68.35443037974683
759;Opermine;Roche;Eau;42;52;67;39;56;50;6;FAUX;758;129;37;28.68217054263566
760;Golgopathe;Roche;Eau;72;105;115;54;86;68;6;FAUX;759;134;69;51.49253731343284
761;Venalgue;Poison;Eau;50;60;60;60;60;30;6;FAUX;760;124;14;11.29032258064516
762;Kravarech;Poison;Dragon;65;75;90;97;123;44;6;FAUX;761;156;31;19.871794871794872
763;Flingouste;Eau;;50;53;62;58;63;44;6;FAUX;762;124;17;13.709677419354838
764;Gamblast;Eau;;71;73;88;120;89;59;6;FAUX;763;147;64;43.53741496598639
765;Galvaran;Electrique;Normal;44;38;33;61;43;70;6;FAUX;764;112;59;52.67857142857143
766;Iguolta;Electrique;Normal;62;55;52;109;94;109;6;FAUX;765;120;94;78.33333333333333
767;Ptyranidur;Roche;Dragon;58;89;77;45;45;48;6;FAUX;766;107;34;31.775700934579437
768;Rexillius;Roche;Dragon;82;121;119;69;59;71;6;FAUX;767;152;82;53.94736842105263
769;Amagara;Roche;Glace;77;59;50;67;63;46;6;FAUX;768;121;28;23.140495867768596
770;Dragmara;Roche;Glace;123;77;72;99;92;58;6;FAUX;769;132;61;46.21212121212121
771;Nymphali;Fée;;95;65;65;110;130;60;6;FAUX;770;122;49;40.16393442622951
772;Brutalibré;Combat;Vol;78;92;75;74;63;118;6;FAUX;771;121;107;88.42975206611571
773;Dedenne;Electrique;Fée;67;58;57;81;67;101;6;FAUX;772;124;109;87.90322580645162
774;Strassie;Roche;Fée;50;50;150;50;150;50;6;FAUX;773;140;36;25.71428571428571
775;Mucuscule;Dragon;;45;50;35;55;75;40;6;FAUX;774;117;25;21.367521367521366
776;Colimucus;Dragon;;68;75;53;83;113;60;6;FAUX;775;130;59;45.38461538461539
777;Muplodocus;Dragon;;90;100;70;110;150;80;6;FAUX;776;106;64;60.37735849056604
778;Trousselin;Acier;Fée;57;80;91;80;87;75;6;FAUX;777;122;70;57.377049180327866
779;Brocélôme;Spectre;Herbe;43;70;48;50;60;38;6;FAUX;778;138;33;23.91304347826087
780;Desséliande;Spectre;Herbe;85;110;76;65;82;56;6;FAUX;779;150;59;39.33333333333333
781;Pitrouille taille moyenne;Spectre;Herbe;49;66;70;44;55;51;6;FAUX;780;115;49;42.608695652173914
782;Pitrouille petite taille;Spectre;Herbe;44;66;70;44;55;56;6;FAUX;781;0;0;0.0
783;Pitrouille grande taille;Spectre;Herbe;54;66;70;44;55;46;6;FAUX;782;121;51;42.14876033057851
784;Pitrouille super taille;Spectre;Herbe;59;66;70;44;55;41;6;FAUX;783;131;33;25.190839694656486
785;Banshitrouye taille moyenne;Spectre;Herbe;65;90;122;58;75;84;6;FAUX;784;128;92;71.875
786;Banshitrouye petite taille;Spectre;Herbe;55;85;122;58;75;99;6;FAUX;785;121;98;80.99173553719008
787;Banshitrouye grande taille;Spectre;Herbe;75;95;122;58;75;69;6;FAUX;786;124;71;57.25806451612904
788;Banshitrouye super taille;Spectre;Herbe;85;100;122;58;75;54;6;FAUX;787;132;52;39.39393939393939
789;Grelaçon;Glace;;55;69;85;32;35;28;6;FAUX;788;129;12;9.30232558139535
790;Séracrawl;Glace;;95;117;184;44;46;28;6;FAUX;789;121;36;29.75206611570248
791;Sonistrelle;Vol;Dragon;40;30;35;45;40;55;6;FAUX;790;127;40;31.496062992125985
792;Bruyverne;Vol;Dragon;85;70;80;97;80;123;6;FAUX;791;115;107;93.04347826086956
793;Xerneas;Fée;;126;131;95;131;98;99;6;VRAI;792;129;107;82.94573643410853
794;Yveltal;Obscur;Vol;126;131;95;131;98;99;6;VRAI;793;137;111;81.02189781021897
795;Zygarde demi forme;Dragon;Sol;108;100;121;81;95;95;6;VRAI;794;107;80;74.76635514018692
796;Diancie;Roche;Fée;50;100;150;100;150;50;6;VRAI;795;105;39;37.142857142857146
797;Mega Diancie;Roche;Fée;50;160;110;160;110;110;6;VRAI;796;131;116;88.54961832061069
798;Hoopa confiné;Psy;Spectre;80;110;60;150;130;70;6;VRAI;797;119;60;50.42016806722689
799;Hoopa non lié;Psy;Obscur;80;160;60;170;130;80;6;VRAI;798;144;89;61.80555555555556
800;Volcanion;Feu;Eau;80;110;120;130;90;70;6;VRAI;799;121;75;61.98347107438017
